system,run_id,method,model,prompt_name,repeat_index,ok,startup_latency_s,memory_gpu_used_ready_mib,memory_cpu_used_ready_mib,memory_gpu_used_evict_mib,memory_cpu_used_evict_mib,evict_latency_s,restore_latency_s,restore_latency_estimated,ttft_before_s,ttft_after_s,latency_before_s,latency_after_s,output_tokens_before,output_tokens_after,tpot_before_s,tpot_after_s,ttft_available,tpot_available,error
vllm,20260605_095722_cold_reload_short_short_0_dfd4bdd7,cold_reload,/home/ljl/models/hf/Qwen2.5-3B-Instruct,short_short,0,True,19.5271719628945,9347,3415.828125,1,,0.3644861918874085,19.027893733000383,False,0.07675705407746136,0.07146271807141602,0.38866482116281986,0.38329357001930475,28,28,0.011552139521679945,0.011549290812884768,True,True,
vllm,20260605_095804_cold_reload_short_short_1_94803a1d,cold_reload,/home/ljl/models/hf/Qwen2.5-3B-Instruct,short_short,1,True,19.526654924964532,9347,3412.5,1,,0.36446000286377966,19.02568602282554,False,0.0711028438527137,0.07128851395100355,0.38921475782990456,0.38377654599025846,28,28,0.011781922739895957,0.0115736308162687,True,True,
vllm,20260605_095847_cold_reload_short_short_2_5683d3bb,cold_reload,/home/ljl/models/hf/Qwen2.5-3B-Instruct,short_short,2,True,19.529421763960272,9347,3413.2109375,1,,0.3643683970440179,19.528891688911244,False,0.07132055494002998,0.07146572298370302,0.3894978279713541,0.38493209797888994,28,28,0.011784343445604598,0.011609865740562478,True,True,
vllm,20260605_095930_cold_reload_long_short_0_9f6ac2cf,cold_reload,/home/ljl/models/hf/Qwen2.5-3B-Instruct,long_short,0,True,19.526880329940468,9347,3415.87890625,1,,0.36423293501138687,19.52593492018059,False,0.18449879600666463,0.1711973629426211,0.4159628141205758,0.40141484094783664,15,15,0.016533144150993655,0.01644410557180111,True,True,
vllm,20260605_100013_cold_reload_long_short_1_88f23e9c,cold_reload,/home/ljl/models/hf/Qwen2.5-3B-Instruct,long_short,1,True,19.528625540900975,9347,3411.5,1,,0.36426476505585015,19.526123319054022,False,0.1716007620561868,0.1695592631585896,0.40223696012981236,0.399311067070812,15,15,0.016474014148116112,0.016410843136587312,True,True,
vllm,20260605_100056_cold_reload_long_short_2_aa91e51b,cold_reload,/home/ljl/models/hf/Qwen2.5-3B-Instruct,long_short,2,True,19.02778187999502,9347,3403.41796875,1,,0.3643749258480966,19.02612888906151,False,0.17120962007902563,0.16987165296450257,0.40120769501663744,0.399721120018512,15,15,0.01642843392411513,0.01641781907528639,True,True,
vllm,20260605_100138_cold_reload_short_long_0_2ef18cea,cold_reload,/home/ljl/models/hf/Qwen2.5-3B-Instruct,short_long,0,True,19.527748188003898,9347,3398.77734375,1,,0.3641890699509531,19.526549437083304,False,0.07151481998153031,0.07279454311355948,1.7177526568993926,1.7240232811309397,131,131,0.01266336797629125,0.012701759523210617,True,True,
vllm,20260605_100223_cold_reload_short_long_1_0855a4ee,cold_reload,/home/ljl/models/hf/Qwen2.5-3B-Instruct,short_long,1,True,19.527054626960307,9347,3405.18359375,1,,0.31412376603111625,19.527412596857175,False,0.07187907304614782,0.07397874491289258,1.7195227381307632,1.71981506398879,131,131,0.012674182039112426,0.012660279377506902,True,True,
vllm,20260605_100309_cold_reload_short_long_2_7a0b82d1,cold_reload,/home/ljl/models/hf/Qwen2.5-3B-Instruct,short_long,2,True,19.026386386947706,9347,3412.3828125,1,,0.3141120788641274,19.025076888967305,False,0.07136633386835456,0.07098976499401033,1.717678947839886,1.7175036079715937,131,131,0.012663943184396396,0.012665491099827564,True,True,
vllm,20260605_100354_sleep_l1_short_short_0_bd5cf91d,sleep_l1,/home/ljl/models/hf/Qwen2.5-3B-Instruct,short_short,0,True,30.039287083083764,9383,3498.390625,1501,12732.08203125,2.1417825631797314,0.5203181649558246,False,0.3939671500120312,0.018432606011629105,0.713410654803738,0.34099655388854444,28,28,0.011831240918211363,0.011946812884330197,True,True,
vllm,20260605_100431_sleep_l1_short_short_1_c6333d9c,sleep_l1,/home/ljl/models/hf/Qwen2.5-3B-Instruct,short_short,1,True,19.530571380862966,9359,3415.05078125,951,12647.14453125,2.151294315000996,0.5092638700734824,False,0.0718772760592401,0.018727419897913933,0.38409422617405653,0.3413203170057386,28,28,0.011563590744993201,0.01194788507806758,True,True,
vllm,20260605_100458_sleep_l1_short_short_2_b1092999,sleep_l1,/home/ljl/models/hf/Qwen2.5-3B-Instruct,short_short,2,True,19.526271121110767,9359,3414.23828125,951,12646.3359375,2.147845851024613,0.5116285369731486,False,0.0718323988839984,0.019147480838000774,0.3850456529762596,0.34192418004386127,28,28,0.01160049089230597,0.011954692563180018,True,True,
vllm,20260605_100524_sleep_l1_long_short_0_48b86cc4,sleep_l1,/home/ljl/models/hf/Qwen2.5-3B-Instruct,long_short,0,True,19.528186278883368,9359,3413.8125,951,12646.52734375,2.150016404921189,0.5098265470005572,False,0.17253519711084664,0.11842026305384934,0.40244928910396993,0.358513668179512,15,15,0.016422435142365948,0.017149528937547336,True,True,
vllm,20260605_100551_sleep_l1_long_short_1_fb4135db,sleep_l1,/home/ljl/models/hf/Qwen2.5-3B-Instruct,long_short,1,True,19.52847426594235,9359,3414.640625,951,12647.48046875,2.149504652014002,0.5121296290308237,False,0.1719321960117668,0.11840048595331609,0.4018629321362823,0.35850666696205735,15,15,0.016423624008893967,0.017150441500624374,True,True,
vllm,20260605_100617_sleep_l1_long_short_2_154ec5d7,sleep_l1,/home/ljl/models/hf/Qwen2.5-3B-Instruct,long_short,2,True,19.526124208932742,9359,3410.24609375,951,12647.3125,2.1503669971134514,0.5134411170147359,False,0.17244350188411772,0.11898569413460791,0.4027154529467225,0.3590471891220659,15,15,0.01644799650447177,0.017147249641961286,True,True,
vllm,20260605_100644_sleep_l1_short_long_0_0c29dc9b,sleep_l1,/home/ljl/models/hf/Qwen2.5-3B-Instruct,short_long,0,True,19.53003325383179,9359,3414.0703125,951,12646.203125,2.149261172162369,0.5087595491204411,False,0.07126756315119565,0.018387380056083202,1.720893434016034,1.676743078045547,131,131,0.012689429775883372,0.012756582292226645,True,True,
vllm,20260605_100713_sleep_l1_short_long_1_7f69b6fa,sleep_l1,/home/ljl/models/hf/Qwen2.5-3B-Instruct,short_long,1,True,19.525306039955467,9359,3409.3671875,951,12646.125,2.144889986142516,0.5049047200009227,False,0.07205305295065045,0.017468921141698956,1.7196662619244307,1.67499780212529,131,131,0.012673947761336771,0.01275022216141224,True,True,
vllm,20260605_100743_sleep_l1_short_long_2_61ea7608,sleep_l1,/home/ljl/models/hf/Qwen2.5-3B-Instruct,short_long,2,True,19.526611394947395,9359,3412.66796875,951,12644.4453125,2.1490651899948716,0.5077365739271045,False,0.07172991405241191,0.018417156068608165,1.7190730338916183,1.6761227431707084,131,131,0.01267187015260928,0.012751581439246925,True,True,
vllm,20260605_100812_sleep_l2_short_short_0_a860f915,sleep_l2,/home/ljl/models/hf/Qwen2.5-3B-Instruct,short_short,0,True,19.525776935974136,9359,3418.99609375,933,3544.5234375,0.18187755602411926,1.5898043049965054,False,0.0707071227952838,0.018773987889289856,0.3839354219380766,0.3414097528439015,28,28,0.011601048116399735,0.011949472776096728,True,True,
vllm,20260605_100837_sleep_l2_short_short_1_a9b25d7e,sleep_l2,/home/ljl/models/hf/Qwen2.5-3B-Instruct,short_short,1,True,19.527417201083153,9359,3417.80078125,933,3543.62109375,0.18373411404900253,1.4642050908878446,False,0.07206241087988019,0.018262475030496716,0.3849475800525397,0.3411819639150053,28,28,0.011588339598987389,0.011959981069796614,True,True,
vllm,20260605_100902_sleep_l2_short_short_2_affda82c,sleep_l2,/home/ljl/models/hf/Qwen2.5-3B-Instruct,short_short,2,True,19.52971678902395,9359,3417.4765625,933,3543.33984375,0.18220078595913947,1.4562774340156466,False,0.07136144489049911,0.018526037922129035,0.38418639497831464,0.34132515196688473,28,28,0.011586109262511687,0.01195552274239836,True,True,
vllm,20260605_100927_sleep_l2_long_short_0_20d8b809,sleep_l2,/home/ljl/models/hf/Qwen2.5-3B-Instruct,long_short,0,True,19.527438962832093,9359,3418.4765625,933,3545.0390625,0.18203053786419332,1.6309307382907718,False,0.17837227415293455,0.11974567314609885,0.4111768251750618,0.35934328311122954,15,15,0.01662889650158052,0.017114114997509335,True,True,
vllm,20260605_100952_sleep_l2_long_short_1_a78128ec,sleep_l2,/home/ljl/models/hf/Qwen2.5-3B-Instruct,long_short,1,True,19.52844317886047,9359,3414.0390625,933,3540.66796875,0.18247026903554797,1.4885855840984732,False,0.17122771288268268,0.1187953120097518,0.4014389659278095,0.3590670928824693,15,15,0.016443660931794772,0.017162270062336966,True,True,
vllm,20260605_101017_sleep_l2_long_short_2_f440dc6c,sleep_l2,/home/ljl/models/hf/Qwen2.5-3B-Instruct,long_short,2,True,19.52726569585502,9359,3415.00390625,933,3541.56640625,0.18236328312195837,1.4499905190896243,False,0.16977240005508065,0.1171023310162127,0.3996858859900385,0.3563417471013963,15,15,0.01642239185249699,0.017088529720370258,True,True,
vllm,20260605_101042_sleep_l2_short_long_0_6b4922f5,sleep_l2,/home/ljl/models/hf/Qwen2.5-3B-Instruct,short_long,0,True,19.527107959846035,9359,3418.64453125,933,3544.28125,0.1821947128046304,1.4524370417930186,False,0.07172390213236213,0.01845879410393536,1.717113025020808,1.6742895441129804,131,131,0.0126568394068342,0.012737159615454192,True,True,
vllm,20260605_101109_sleep_l2_short_long_1_67530c70,sleep_l2,/home/ljl/models/hf/Qwen2.5-3B-Instruct,short_long,1,True,19.52684834995307,9359,3415.83203125,933,3541.46875,0.18229518015868962,1.6273358771577477,False,0.07108576782047749,0.018540222896263003,1.717078890884295,1.6742690938990563,131,131,0.012661485562029366,0.012736375930790718,True,True,
vllm,20260605_101137_sleep_l2_short_long_2_428e250d,sleep_l2,/home/ljl/models/hf/Qwen2.5-3B-Instruct,short_long,2,True,19.52774920896627,9359,3409.72265625,933,3539.95703125,0.1863116631284356,1.665252089034766,False,0.07053771801292896,0.01873385696671903,1.7166047140490264,1.6745091979391873,131,131,0.012662053815662287,0.01273673339209591,True,True,
serverless_llm,,delete_register,/host-models/hf/Qwen2.5-3B-Instruct,short_short,0,False,,,,,,,,True,,,,,,,,,False,False,"ServerlessLLM qwen2p5-3b inference did not complete: adapter warmup request timed out at 300s in the first run and a rerun with --request-timeout=900 was killed after prolonged hang; logs repeatedly showed qwen2p5-3b: 1 instances, need 1 instances with GPU memory resident but no completion."
serverless_llm,,delete_register,/host-models/hf/Qwen2.5-3B-Instruct,long_short,0,False,,,,,,,,True,,,,,,,,,False,False,"ServerlessLLM qwen2p5-3b inference did not complete: adapter warmup request timed out at 300s in the first run and a rerun with --request-timeout=900 was killed after prolonged hang; logs repeatedly showed qwen2p5-3b: 1 instances, need 1 instances with GPU memory resident but no completion."
serverless_llm,,delete_register,/host-models/hf/Qwen2.5-3B-Instruct,short_long,0,False,,,,,,,,True,,,,,,,,,False,False,"ServerlessLLM qwen2p5-3b inference did not complete: adapter warmup request timed out at 300s in the first run and a rerun with --request-timeout=900 was killed after prolonged hang; logs repeatedly showed qwen2p5-3b: 1 instances, need 1 instances with GPU memory resident but no completion."
serverless_llm,,scale_to_zero_restore,/host-models/hf/Qwen2.5-3B-Instruct,short_short,0,False,,,,,,,,True,,,,,,,,,False,False,"ServerlessLLM qwen2p5-3b inference did not complete: adapter warmup request timed out at 300s in the first run and a rerun with --request-timeout=900 was killed after prolonged hang; logs repeatedly showed qwen2p5-3b: 1 instances, need 1 instances with GPU memory resident but no completion."
serverless_llm,,scale_to_zero_restore,/host-models/hf/Qwen2.5-3B-Instruct,long_short,0,False,,,,,,,,True,,,,,,,,,False,False,"ServerlessLLM qwen2p5-3b inference did not complete: adapter warmup request timed out at 300s in the first run and a rerun with --request-timeout=900 was killed after prolonged hang; logs repeatedly showed qwen2p5-3b: 1 instances, need 1 instances with GPU memory resident but no completion."
serverless_llm,,scale_to_zero_restore,/host-models/hf/Qwen2.5-3B-Instruct,short_long,0,False,,,,,,,,True,,,,,,,,,False,False,"ServerlessLLM qwen2p5-3b inference did not complete: adapter warmup request timed out at 300s in the first run and a rerun with --request-timeout=900 was killed after prolonged hang; logs repeatedly showed qwen2p5-3b: 1 instances, need 1 instances with GPU memory resident but no completion."
swapserve_llm,,swapout_swapin,/home/ljl/models/hf/Qwen2.5-3B-Instruct,short_short,0,True,,4,,4,,0.9447545770090073,1.1114609201904386,False,1.7022025759797543,0.36303012096323073,1.7022583920042962,0.3630751168821007,29,29,1.993429447923388e-06,1.6069971024990082e-06,True,True,
swapserve_llm,,swapout_swapin,/home/ljl/models/hf/Qwen2.5-3B-Instruct,short_short,1,True,,9399,,4,,0.9391790968365967,1.1041663188952953,False,0.36229665391147137,0.3649064269848168,0.36233490984886885,0.3649557949975133,29,29,1.366283478481429e-06,1.7631433105894497e-06,True,True,
swapserve_llm,,swapout_swapin,/home/ljl/models/hf/Qwen2.5-3B-Instruct,short_short,2,True,,9399,,4,,0.9419895019382238,1.1098779139574617,False,0.3613205167930573,0.3628232527989894,0.36136109195649624,0.36286437697708607,29,29,1.449112979961293e-06,1.4687206463090012e-06,True,True,
swapserve_llm,,swapout_swapin,/home/ljl/models/hf/Qwen2.5-3B-Instruct,long_short,0,True,,9399,,4,,0.9447667840868235,1.1091154941823334,False,0.36909544793888927,0.37406897195614874,0.36912988498806953,0.3741182708181441,19,19,1.9131693989038467e-06,2.738825666407744e-06,True,True,
swapserve_llm,,swapout_swapin,/home/ljl/models/hf/Qwen2.5-3B-Instruct,long_short,1,True,,9399,,4,,0.9463185858912766,1.0966946769040078,False,0.2786154830828309,0.3734479311387986,0.27864256710745394,0.37347484403289855,19,19,1.5046680346131325e-06,1.4951607833305995e-06,True,True,
swapserve_llm,,swapout_swapin,/home/ljl/models/hf/Qwen2.5-3B-Instruct,long_short,2,True,,9399,,4,,0.9413384760264307,1.1088444348424673,False,0.27864015009254217,0.37413521111011505,0.27868807199411094,0.37417602306231856,19,19,2.6623278649316894e-06,2.2673306779728996e-06,True,True,
swapserve_llm,,swapout_swapin,/home/ljl/models/hf/Qwen2.5-3B-Instruct,short_long,0,True,,9399,,4,,0.9489196839276701,1.0961499558761716,False,1.7665002890862525,1.7667583939619362,1.766719562932849,1.7669656430371106,128,127,1.7265657212321213e-06,1.6448339299550132e-06,True,True,
swapserve_llm,,swapout_swapin,/home/ljl/models/hf/Qwen2.5-3B-Instruct,short_long,1,True,,9399,,4,,0.945654003880918,1.1056946199387312,False,1.7671438369434327,1.7648786450736225,1.7673424708191305,1.765109688974917,124,127,1.6149095585191153e-06,1.8336817563053162e-06,True,True,
swapserve_llm,,swapout_swapin,/home/ljl/models/hf/Qwen2.5-3B-Instruct,short_long,2,True,,9399,,4,,0.9384041528683156,1.1097543889191002,False,1.7635530489496887,1.765058702090755,1.7637206560466439,1.7652113009244204,124,127,1.3626593248388632e-06,1.2111018544861248e-06,True,True,
